Timestamp,Domain,URL,Tags,Device,Notes
2023-01-01 07:05:00,google.com,"https://www.google.com/search?q=new+year+activities","#NewYear,#SmithFamily",Laptop,"Looking up local New Year celebrations; kids want fireworks."
2023-01-02 08:15:00,reddit.com,"https://www.reddit.com/r/dadjokes","#MorningLaugh,#ParentLife",Phone,"Needed a quick laugh after morning meltdown at home."
2023-01-03 07:35:00,acmeconst.com,"https://www.acmeconst.com/team/overpass-update","#Work,#Engineering",Work Computer,"Checking official project timeline for the overpass."
2023-01-04 20:40:00,youtube.com,"https://www.youtube.com/watch?v=abcd1234","#MusicJam,#GuitarPractice",Laptop,"Tutorial for a funk guitar riff Tony recommended."
2023-01-05 06:50:00,weather.com,"https://weather.com/weather/today/l=Santa+Monica","#DailyCheck,#MorningRoutine",Phone,"Wanted forecast for Tina’s outdoor ballet shoot idea."
2023-01-06 07:10:00,facebook.com,"https://www.facebook.com/groups/balletlovers","#Ballet,#TinaSmith",Tablet,"Exploring local ballet events; Tina is eager to attend more shows."
2023-01-07 09:25:00,espn.com,"https://www.espn.com/soccer/","#SoccerObsessed,#MikeChampion",Laptop,"Mike insisted on checking soccer highlights with Dad."
2023-01-08 19:50:00,spotify.com,"https://open.spotify.com/playlist/lofi-jams","#Music,#NightGroove",Phone,"Looking for Lo-Fi tracks to unwind after a stressful day."
2023-01-09 12:40:00,stackoverflow.com,"https://stackoverflow.com/questions/engineer-rebar-calc","#WorkHelp,#Construction",Work Computer,"Double-checking rebar calculation methods for overpass query."
2023-01-10 18:05:00,balletandmore.com,"https://balletandmore.com/shop/ribbons","#BalletGear,#Family",Laptop,"Tina needed specific pink ribbons for her upcoming recital."
2023-01-11 07:02:00,twitter.com,"https://twitter.com/explore?q=overpass+construction","#WorkNews,#Engineering",Phone,"Catching chatter about highway overpass projects around the state."
2023-01-12 13:20:00,amazon.com,"https://www.amazon.com/soccer-cleats-mike-2023","#SoccerGear,#MikeNeedsNewCleats",Work Computer,"Mike outgrew last pair—reviewing deals for weekend purchase."
2023-01-13 06:55:00,youtube.com,"https://www.youtube.com/watch?v=jokeTutorial","#Comedy,#MorningLaugh",Tablet,"Quick comedic relief video before diving into budget reviews."
2023-01-14 19:15:00,grubhub.com,"https://www.grubhub.com/search?cuisine=pizza","#FamilyDinner,#Delivery",Laptop,"Ordering pizza after big grocery day—no one wants to cook."
2023-01-15 08:00:00,reddit.com,"https://www.reddit.com/r/Baking/comments/eggbattle","#BakingHelp,#FamilyTime",Phone,"Researching tips for making birthday cupcakes with kids."
2023-01-16 12:10:00,cityofsantamonica.gov,"https://www.santamonica.gov/permits/highway-overpass","#Permits,#Overpass",Work Computer,"Checking final paperwork needed for site inspection tomorrow."
2023-01-17 07:05:00,linkedin.com,"https://www.linkedin.com/company/acme-const/posts","#Professional,#Networking",Laptop,"Reviewed Acme Construction’s latest post about project progress."
2023-01-18 20:22:00,wikiHow.com,"https://www.wikihow.com/Do-a-Pirouette","#Ballet,#TinaSmith",Phone,"Dad’s attempt to help Tina by reading step-by-step spins—comedic results."
2023-01-19 06:45:00,nytimes.com,"https://www.nytimes.com/section/sports/soccer","#SoccerNews,#MorningRead",Tablet,"Skimmed daily soccer updates for Mike’s curiosity about top players."
2023-01-20 07:00:00,youtube.com,"https://www.youtube.com/watch?v=jamSessionBeat","#MusicInspiration,#GuitarFunk",Work Computer,"Tony sent me a link for funk jam groove inspirations."
2023-01-21 18:50:00,disneyplus.com,"https://www.disneyplus.com/home","#FamilyMovie,#KidsChoice",Smart TV,"Searching for a family-friendly flick—kids voted classic Disney."
2023-01-22 07:12:00,reddit.com,"https://www.reddit.com/r/Parenting/comments/sleeptips","#DadLife,#MorningChaos",Phone,"Mike had trouble sleeping after soccer hype—looking for solutions."
2023-01-23 19:30:00,zoom.us,"https://zoom.us/j/overpassReviewSession","#WorkMeeting,#Engineering",Laptop,"Late-night meeting with city officials about overpass safety checks."
2023-01-24 06:58:00,google.com,"https://www.google.com/search?q=easy+cookie+recipes","#FamilyBaking,#MaryTeacher",Tablet,"Mary wants a simple recipe for fun kitchen time with Mike."
2023-01-25 12:40:00,indeed.com,"https://indeed.com/career-tips/engineer-development","#CareerGrowth,#Mentorship",Work Computer,"Reading about mentorship programs for junior engineers at Acme."
2023-01-26 07:28:00,youtube.com,"https://www.youtube.com/watch?v=soccerFootwork101","#SoccerTutorial,#MikeChampion",Phone,"Mike insisted Dad watch advanced footwork videos to keep up."
2023-01-27 20:10:00,spotify.com,"https://open.spotify.com/playlist/fridayfunkvibes","#MusicPlaylist,#TonyMusicBuddy",Laptop,"Tony and I planning a jam—compiling funk songs for inspiration."
2023-01-28 07:05:00,facebook.com,"https://www.facebook.com/marketplace/search?query=ballet+costumes","#BalletMarket,#TinaWantsMore",Tablet,"Tina browsing secondhand costumes to expand her practice outfits."
2023-01-29 19:35:00,amctheatres.com,"https://www.amctheatres.com/movies/latest-kids-film","#FamilyMovieNight,#KidsTime",Phone,"Checking showtimes for weekend outing—kids want big screen fun."
2023-01-30 07:11:00,stackoverflow.com,"https://stackoverflow.com/questions/tagged/construction-cad","#TechHelp,#Engineering",Work Computer,"Troubleshooting a CAD plugin glitch for updated site drawings."
2023-01-31 20:20:00,nytimes.com,"https://www.nytimes.com/section/arts/lofi-music","#LoFiMusic,#EveningVibes",Laptop,"Researching new lo-fi artists for relaxing guitar collabs."
2023-02-01 07:16:00,instagram.com,"https://www.instagram.com/explore/tags/coupleworkouts","#FitnessGoals,#MaryTeacher",Phone,"Mary curious about partner workout trends—could be comedic attempts."
2023-02-02 12:10:00,constructiondive.com,"https://www.constructiondive.com/news/2023-overpass-case-study","#IndustryNews,#Overpass",Work Computer,"Reading case studies similar to Acme’s ongoing project for best practices."
2023-02-03 06:59:00,google.com,"https://www.google.com/search?q=unclog+sink+quick+fix","#HomeRepair,#DIY",Phone,"Kitchen sink backup—John playing weekend handyman hero."
2023-02-04 19:00:00,ubereats.com,"https://www.ubereats.com/search?q=sushi","#DateNight,#Takeout",Laptop,"John & Mary wanted sushi while kids watch a cartoon marathon."
2023-02-05 07:25:00,youtube.com,"https://www.youtube.com/watch?v=balletWarmUpRoutine","#BalletTips,#TinaSmith",Tablet,"Tina’s morning routine inspiration—classic technique refresher."
2023-02-06 12:30:00,linkedin.com,"https://www.linkedin.com/in/tony-eng-profile","#CoworkerConnect,#Networking",Work Computer,"Checking Tony’s profile to see his new project updates or endorsements."
2023-02-07 06:55:00,google.com,"https://www.google.com/search?q=how+to+remove+dog+fur+from+carpet","#PetLife,#SpotTheDog",Phone,"Spot shedding everywhere—urgent cleaning hack needed."
2023-02-08 19:50:00,amtrak.com,"https://www.amtrak.com/planning-trip-tickets","#FamilyTrip,#FuturePlan",Laptop,"Looking into a possible train trip for a mini family getaway."
2023-02-09 07:01:00,stackexchange.com,"https://engineering.stackexchange.com/questions/overpass-safety-tests","#EngineerQA,#Overpass",Work Computer,"Double-checking peer discussions on overpass safety methods."
2023-02-10 20:15:00,ebay.com,"https://www.ebay.com/sch/i.html?_nkw=retro+guitar+pedals","#MusicGear,#JamSession",Laptop,"Tony recommended picking up vintage pedals for a unique sound."
2023-02-11 07:23:00,reddit.com,"https://www.reddit.com/r/soccer/comments/mikesloveforfooty","#SoccerAdvice,#Parenting",Phone,"Looking for tips on supporting a soccer-crazy teen; found comedic stories."
2023-02-12 12:00:00,amazon.com,"https://www.amazon.com/gp/cart/view.html","#ShopCart,#BalletGear",Work Computer,"Reviewing cart items: pink tights for Tina, new soccer socks for Mike."
2023-02-13 07:14:00,craigslist.org,"https://losangeles.craigslist.org/search/fua","#GarageSale,#ExtraChairs",Laptop,"Hunting cheap chairs for the backyard jam session visitors."
2023-02-14 20:20:00,pinterest.com,"https://www.pinterest.com/search?q=family+valentines+crafts","#FamilyCraft,#ValentinesDay",Tablet,"Late-night craft inspiration for homemade Valentines with kids."
2023-02-15 07:12:00,google.com,"https://www.google.com/search?q=fastest+way+to+remove+glitter","#CraftFail,#MaryTeacher",Phone,"Glitter explosion from an art project—need rescue hacks!"
2023-02-16 19:00:00,espn.com,"https://www.espn.com/watch/player?gameID=localHSoccer","#MikeChampion,#SoccerGame",Laptop,"Mike wanted to watch local high school finals, glean new tricks."
2023-02-17 07:25:00,youtube.com,"https://www.youtube.com/watch?v=lofiStudyBeats","#LoFi,#MorningGroove",Work Computer,"Setting ambient background music before tackling site documents."
2023-02-18 19:40:00,grubhub.com,"https://www.grubhub.com/search?q=cheeseburgers","#CheatMeal,#FamilyTime",Laptop,"Too tired to cook—everyone demanded cheeseburgers tonight."
2023-02-19 08:00:00,facebook.com,"https://www.facebook.com/groups/parentshelpforum","#ParentTalk,#Advice",Tablet,"Discussing teen independence strategies, since Mike wants more soccer outings."
2023-02-20 12:45:00,indeed.com,"https://indeed.com/jobs?q=junior+engineer+intern","#Mentorship,#AcmeConst",Work Computer,"Company might hire a new junior—scouting postings for references."
2023-02-21 07:02:00,google.com,"https://www.google.com/maps/dir/home/ralphs+store","#Groceries,#MorningErrand",Phone,"Mapping quickest route for a grocery run before Mike’s practice."
2023-02-22 19:30:00,youtube.com,"https://www.youtube.com/watch?v=guitarChordsForFunk","#MusicLesson,#TonyMusicBuddy",Laptop,"Exploring advanced funk chords for Tony’s jam session tomorrow."
2023-02-23 06:58:00,reddit.com,"https://www.reddit.com/r/Construction/comments/overpass_qa","#ProTips,#WorkChat",Phone,"Skimming Q&A on large-scale overpass challenges for final tweaks."
2023-02-24 20:05:00,hulu.com,"https://www.hulu.com/search?q=family+movie","#FamilyNight,#KidsChoice",Smart TV,"Debating which new release to watch with the kids."
2023-02-25 07:15:00,stackoverflow.com,"https://stackoverflow.com/questions/cadscript-error-code42","#EngineeringTools,#TechHelp",Work Computer,"CAD script error code, seeking quick solutions from developer community."
2023-02-26 20:00:00,tiktok.com,"https://www.tiktok.com/@funnydadchallenges","#Comedy,#DadLife",Tablet,"John browsing comedic dad skits for new content ideas with kids."
2023-02-27 07:19:00,linkedin.com,"https://www.linkedin.com/company/acmeconst/jobs","#Careers,#Hiring",Work Computer,"Scanning open roles to refer a friend; expansion after overpass success."
2023-02-28 19:55:00,google.com,"https://www.google.com/search?q=fun+board+games+for+family","#BoardGames,#NightActivities",Laptop,"Kids want new game variety after repeated Monopoly battles."
2023-03-01 07:00:00,nytimes.com,"https://www.nytimes.com/green-energy-innovations","#Sustainability,#FutureProject",Tablet,"Reading articles about eco-friendly materials for next big project."
2023-03-02 20:10:00,twitter.com,"https://twitter.com/tony_engineer/status/abc1234","#MusicShoutout,#Collab",Laptop,"Tony tweeted about our jam session highlights—checking the engagement."
2023-03-03 07:28:00,google.com,"https://www.google.com/search?q=how+to+motivate+teen+to+study","#ParentingHack,#MikeChampion",Phone,"Mike is soccer-focused, ignoring other subjects. Seeking advice."
2023-03-04 19:45:00,youtube.com,"https://www.youtube.com/watch?v=SaturdayDanceParty","#FamilyDance,#KidsFun",Smart TV,"Impromptu living-room dance party, everyone hopped in!"
2023-03-05 07:05:00,homeadvisor.com,"https://www.homeadvisor.com/rated/handyman-quote","#DIYFail,#SeekingPro",Phone,"That sink still clogged—time for a pro’s help, apparently."
2023-03-06 12:20:00,acmeconst.com,"https://www.acmeconst.com/overpass-final-checklist","#FinalSteps,#WorkUpdate",Work Computer,"Cross-referencing all tasks before official completion sign-off."
2023-03-07 07:18:00,instagram.com,"https://www.instagram.com/explore/tags/choreographychallenge","#Ballet,#TinaSmith",Tablet,"Tina eyeing new choreo trends for next class practice."
2023-03-08 19:35:00,twitch.tv,"https://www.twitch.tv/live-soccer-stream","#SoccerObsessed,#MikeChampion",Laptop,"Watching a live international match with Mike—bonding time!"
2023-03-09 07:11:00,google.com,"https://www.google.com/search?q=best+over+ear+headphones","#MusicGear,#TonyMusicBuddy",Phone,"Tony suggested John upgrade headphones for mixing sessions."
2023-03-10 20:25:00,reddit.com,"https://www.reddit.com/r/Music/comments/funky_guitar_tips","#FunkJam,#NightGroove",Laptop,"Late-night reading on funky chord progressions, big jam soon!"
2023-03-11 07:09:00,disneyplus.com,"https://www.disneyplus.com/watch/tangled","#FamilyMorning,#KidsLoveIt",Smart TV,"Kids insisted on rewatching Tangled. Dad is outvoted, as usual."
2023-03-12 19:50:00,amazon.com,"https://www.amazon.com/dp/ballet-barre-home-setup","#BalletEquip,#TinaSmith",Phone,"Tina wants a home barre for extra practice—debating space in the living room."
2023-03-13 07:20:00,youtube.com,"https://www.youtube.com/watch?v=extremeSoccerTricks","#MikeChampion,#FootworkMagic",Work Computer,"Mike insisted Dad see these insane trick shots—fun break from spreadsheets."
2023-03-14 20:45:00,grubhub.com,"https://www.grubhub.com/search?q=thai+food","#DinnerTime,#Exhausted",Laptop,"After a hectic day, Thai takeout is the solution—everyone’s craving spice."
2023-03-15 07:03:00,google.com,"https://www.google.com/search?q=how+to+clean+dog+hair+car+interior","#SpotFur,#DailyStruggle",Phone,"Spot’s hair takeover in the car requires emergency solutions."
2023-03-16 12:10:00,soccergear.com,"https://www.soccergear.com/products/goalie-gloves-mike","#MikeNeedsGear,#SportsDad",Work Computer,"Mike’s new interest in goalie gloves—he tried out as keeper in practice."
2023-03-17 07:09:00,rd.com,"https://www.rd.com/jokes/family/","#MorningLaugh,#Parenting",Tablet,"Needed comedic relief after a meltdown over lost homework."
2023-03-18 20:30:00,hbo.com,"https://www.hbo.com/whattowatch?family=true","#FamilyMovieNight,#WeekendFun",Smart TV,"Scanning family-friendly titles for Saturday chill session."
2023-03-19 07:26:00,acmeconst.com,"https://www.acmeconst.com/blog/overpass-completion-announcement","#Milestone,#Pride",Laptop,"Reading the official blog celebrating project completion—John’s team mention!"
2023-03-20 19:05:00,etsy.com,"https://www.etsy.com/search?q=ballet+stickers","#TinaWantsAll,#Crafty",Phone,"Tina picking stickers for her dance diary, unstoppable enthusiasm."
2023-03-21 07:18:00,twitter.com,"https://twitter.com/search?q=lofi%20beats%20morning","#LoFiMood,#MorningRoutine",Phone,"Looking for fresh music to energize the day—coffee in hand, tunes in ear."
2023-03-22 19:40:00,coursera.org,"https://www.coursera.org/learn/leadership-for-engineers","#SelfImprovement,#CareerGrowth",Laptop,"Considering a short course to strengthen leadership skills for next project."
2023-03-23 07:12:00,google.com,"https://www.google.com/search?q=easy+science+project+ideas","#HomeworkHelp,#MikeChampion",Tablet,"Mike needs a quick science fair idea, last minute panic!"
2023-03-24 19:55:00,amazon.com,"https://www.amazon.com/gp/product/guitar-capo","#MusicGear,#NightGroove",Laptop,"Tony suggested a better capo for unique chord voicings in upcoming jam."
2023-03-25 07:15:00,nytimes.com,"https://www.nytimes.com/section/health/wellness","#Wellness,#MorningRead",Phone,"Mary looking at new family wellness routines, John skimming articles too."
2023-03-26 20:10:00,tiktok.com,"https://www.tiktok.com/@smithcrew/family-dance-challenge","#FamilyChallenge,#Laughs",Tablet,"Kids posted a comedic dance challenge starring all four of us plus the dog!"
2023-03-27 07:25:00,linkedin.com,"https://www.linkedin.com/jobs/search/?keywords=civil%20engineer","#Opportunities,#Growth",Work Computer,"Post-project slump—scoping new roles or expansions within Acme."
2023-03-28 20:22:00,youtube.com,"https://www.youtube.com/watch?v=acousticCoverTutorial","#MusicLesson,#TonyMusicBuddy",Laptop,"Studying an acoustic cover approach for upcoming jam at Tony’s place."
2023-03-29 07:19:00,google.com,"https://www.google.com/search?q=how+to+remove+soccer+grass+stains","#DadAdvice,#LaundrySOS",Phone,"Mike’s uniform is a wreck—grass stains everywhere from practice."
2023-03-30 19:10:00,reddit.com,"https://www.reddit.com/r/Ballet/comments/tinas_inspiration","#BalletCommunity,#TinaSmith",Laptop,"Reading success stories from teenage dancers to motivate Tina."
2023-03-31 07:00:00,nytimes.com,"https://www.nytimes.com/section/arts/music","#MusicNews,#JamIdeas",Tablet,"Browsing new music releases for fresh jam session content."
2023-04-01 19:25:00,espn.com,"https://www.espn.com/watch/soccer-replays","#SoccerNight,#MikeChampion",Smart TV,"Mike wanted to replay a legendary match. Dad nods along, soaking it in."
2023-04-02 07:10:00,twitter.com,"https://twitter.com/search?q=family%20comedy%20clips","#Laughter,#LazySunday",Phone,"Looking up comedic skits for a chill morning in bed."
2023-04-03 12:55:00,canvas.com,"https://canvas.com/explore/family-calendar-templates","#Organized,#NewSystem",Work Computer,"Mary wants a digital family calendar to tame the chaos."
2023-04-04 20:45:00,grubhub.com,"https://www.grubhub.com/search?q=burritos","#TakeoutAgain,#TooTired",Laptop,"Overworked, no energy left. Burritos to the rescue!"
2023-04-05 07:07:00,google.com,"https://www.google.com/search?q=local+dog+trainer+classes","#SpotTraining,#PetLife",Phone,"Spot’s been chewing everything—time for some professional help."
2023-04-06 12:20:00,blogspot.com,"https://engineerlifeblog.blogspot.com/overpass-journey","#Reflection,#WorkBlog",Work Computer,"Skimming a fellow engineer’s personal blog about similar project experiences."
2023-04-07 07:13:00,instagram.com,"https://www.instagram.com/explore/tags/momswhorun/","#MaryTeacher,#FitnessInspo",Tablet,"Mary browsing running moms for motivation—maybe a half-marathon next?"
2023-04-08 20:30:00,youtube.com,"https://www.youtube.com/watch?v=easterEggHuntTips","#HolidayFun,#FamilyTime",Smart TV,"Last-minute tips for Sunday egg hunt—Tina wants to go pro!"
2023-04-09 07:18:00,google.com,"https://www.google.com/search?q=easy+easter+brunch+recipes","#EasterBrunch,#MaryTeacher",Phone,"Brainstorming quick brunch ideas, kids want something sweet and eggy."
2023-04-10 09:05:00,linkedin.com,"https://www.linkedin.com/posts/acmeconst_overpass-complete-thanks","#OverpassComplete,#CareerHighlight",Work Computer,"Proudly sharing a post about the completed overpass. Mentions team effort!"
