Date,Time,Location,Journal Entry
2023-01-01,09:00,Home (Pacific Palisades),"I woke up to Mary poking me gently on the shoulder, whispering ‘Happy New Year’ with a big grin. We made coffee together while Mike and Tina sprinted around the house like it was a playground. I teased Mary that her New Year’s resolution should be to let me sleep in at least once a month—she smirked and said I could dream on. Later, we shared our goals: I promised to run more, she promised to laugh more, and the kids promised to argue less (fingers crossed!). The house felt happy and alive, a perfect start to the year."
2023-01-02,08:30,Acme Construction HQ,"This morning, I walked into the office humming a tune, only to find my manager Tony (yes, the same Tony who doubles as my music buddy) snoozing at his desk. I tossed a paperclip at him, and we both cracked up—lack of coffee is real. After a tense budgeting meeting, we grabbed cappuccinos in Pacific Palisades, bickering over who’s paying like an old married couple. On the drive back, I thought about how Mary teased me last night, saying I was more excited for coffee runs than for bedtime cuddles—definitely not true! Despite the hustle, I’m glad I have Tony for comedic relief and Mary for real emotional grounding."
2023-01-03,19:15,Home (Pacific Palisades),"I crashed through the front door, arms full of groceries, to find Mike and Tina squabbling over a new board game. Mary gave me that look: ‘You handle this, dear.’ So I gathered them around, proposed we all play the game together—and five minutes later, we were a roaring, laughing mess on the living room floor. Tina, the tiny negotiator, bested us in every trade, and Mike pretended to faint when she won. Even with the chaos, I felt a rush of gratitude for a family that’s never boring."
2023-01-04,12:00,Overpass Site (Pacific Palisades Outskirts),"I spent the morning climbing around rebar like a happy monkey, but the moment lunch rolled around, my stomach growled so loud my coworker Angela called it a ‘bear attack.’ We raced to In-N-Out in Anaheim, and I devoured a double-double like a starved lion. On the drive back, I kept thinking how Mary jokes that I flirt more with burgers than with her—I must rectify that ASAP. Tony called to say our next jam session should be a funk-inspired tribute to lunch breaks, and I nearly choked laughing. I arrived back at the site with a full belly and a goofy grin."
2023-01-05,18:45,Home Kitchen,"Mary and I attempted to quietly unload groceries from Ralphs, but Mike popped out, announcing he wanted to become a professional grocery cart driver (don’t ask!). Tina pranced in wearing her new ballet shoes, twirling so passionately she almost toppled a bag of oranges. We erupted in laughter and scrambled to catch rolling fruit—pure comedic chaos. Over dinner, Mary and I exchanged meaningful glances, thankful for these silly, heartwarming moments. Then Tina declared she’d perform a mini-ballet after dessert, making us applaud like we were front-row at the Bolshoi."
2023-01-06,07:40,Groundwork Coffee (Pacific Palisades),"Alarm blaring, I rolled out of bed with bedhead so wild that Mary said I looked like a rock star who slept on stage. I powered up with an espresso so strong, I swear my eyelashes vibrated. Tony texted me about the next rebar shipment, but I teased him that I can’t handle serious talk before my second coffee. Meanwhile, Mary insisted I come home early for a family board game night, winking that she’d let me win for once. Between sips of coffee and half-awake chuckles, I felt this sweet, buzzing energy I just love about life."
2023-01-07,16:00,Ballet & More (Pacific Palisades),"We swung by the dance store for Tina’s extra tights, and she insisted on showing the shop attendant her best pirouette. Mike groaned, moaning that the entire store smelled like pink cotton candy. I teased him that he was just jealous he couldn’t spin so gracefully. Meanwhile, Mary whispered that she’s proud of how dedicated Tina is, and I felt my heart swell up with pride too. On the way home, we cranked up some disco funk and turned the car ride into a mini dance party— Mike pretended not to enjoy it, but I caught him bobbing his head."
2023-01-08,10:15,Whole Foods (Pacific Palisades),"Mary and I strolled through Whole Foods, turning grocery shopping into a romantic date—flirting over the organic fruit and sampling weird kombucha flavors. Tina put four different smoothie recipe magazines in the cart, claiming she’s the family’s new health guru. Mike teased her about never actually finishing the smoothies she starts, and she dramatically threatened to cut him off from her next ‘super green wonder drink.’ I couldn’t stop laughing at their sibling banter. It’s chaotic, but it’s our brand of love."
2023-01-09,09:30,Home (Pacific Palisades),"Mary jabbed me awake, reminding me I'd promised to help with laundry before my Starbucks run. I grumbled good-naturedly and folded clothes, sneaking a few kisses whenever she passed by—she teased that I was stalling. By the time I stepped out for my latte, the house was silent because Mike and Tina were already at school. The calmness gave me a chance to reflect on how lucky I am: a supportive wife, two vibrant kids, and an engineering project that fuels my ambition. The day felt promising, even if my coffee was a tad late."
2023-01-10,13:00,Trader Joe's (Pacific Palisades),"Lunch break found me at Trader Joe’s again, picking up exotic sauces because Mary wants to experiment with stir-fry. A friendly old man in line heard me humming a tune and joked if I was auditioning for American Idol. I replied that I was just practicing for my next jam session with Tony—maybe one day we’ll be rock stars, who knows! Mike texted asking for more granola bars for soccer, so I piled a bunch into the cart. Despite the midweek rush, I left the store feeling oddly cheerful and slightly rock-star-ish."
2023-01-11,20:15,Home Studio,"The kids were finally asleep, and Mary was reading on the couch, leaving me free to sneak into my mini music haven. I strummed a new chord progression I’ve been dreaming up, feeling the tension of the day melt with each note. Tony called mid-session, excitedly shouting about a new synth plugin—he sounded like a kid on Christmas morning. I jokingly suggested we create an album dedicated to chaotic family dinners and misadventures at the grocery store. We ended the call with him humming a potential melody; I realized how grateful I am for such a creative buddy who also tolerates my daily drama."
2023-01-12,07:50,Bloom & Co. (Pacific Palisades),"Snagged a bouquet for Mary’s friend and had to resist buying an extra bunch just to surprise Mary—maybe next time. The shop assistant teased me about how often I’m in there, joking that I should open a tab. Then I dashed to the overpass site with a trunk full of safety cones—my life is a bizarre mix of flowers and heavy machinery. Angela, my coworker, poked fun at me for smelling like roses at a construction site, but hey, that’s the John Smith brand now. By dusk, all I wanted was to collapse on the couch with my family’s usual comedic chaos."
2023-01-13,18:00,Living Room (Pacific Palisades),"We declared tonight a board game marathon after we finished unloading groceries from Ralphs. Tina and Mike were hyped to try the new co-op game from GameStop—something about magical forests and silly goblins. Mary beat us all, then pretended she was the supreme goblin queen, demanding we bow down. I dramatically fell to my knees, while Mike tried to stage a rebellion. Between laughter and playful insults, the room felt electric with love."
2023-01-14,08:10,Starbucks (Pacific Palisades),"I told Mary I’d cut down on caffeine, but there I was ordering a double-shot latte, ignoring her smirk. She teased me, saying I’m more loyal to Starbucks than to her, which made me vow to plan a special date night soon. Tina was showing us a new ballet-themed children’s book she read, flipping pages like she was hosting a talk show. Mike made exaggerated yawns, and she tried to whack him with the book—both ended up giggling. This was all before 9 a.m., so you can imagine how alive our house is."
2023-01-15,17:00,Home (Pacific Palisades),"Sundays are for big family dinners, and Mary went all out with the Trader Joe’s haul. The house smelled like herbs and roasted veggies, making me feel instantly at peace. Mike bragged about his soccer progress and how his coach says he’s ‘the next Ronaldo,’ though he’s never actually watched a full Ronaldo match—classic Mike. Tina babbled about dance recitals, planning to incorporate a new spin that Mary and I can’t pronounce. After we ate, we watched an old comedy film, laughing till our bellies hurt—these moments bind us tighter than any contract."
2023-01-16,08:20,Car (Pacific Palisades),"I was running late for a site visit, so I hurried to Shell for gas. Tina hopped in the passenger seat, excited for a quick trip to Irvine to buy fresh ballet ribbons—she’s so particular about the pink hue, it’s adorable. I teased her that she was more of an art critic than a dancer, and she shot back that I was more of a coffee addict than an engineer. Touché, my dear daughter. The short drive was filled with us belting out old funk tunes on the radio. Despite the rush, those father-daughter moments keep me grinning for hours."
2023-01-17,09:15,Groundwork Coffee (Pacific Palisades),"Mary and I had a secret coffee date, sneaking away while the kids were at school. She teased me about that budgeting meeting I had with Tony—apparently, Tony told her I threw a paperclip at his head to wake him up. We laughed about how I juggle being Tony’s friend, coworker, and sometimes comedic antagonist. After a few sips, Mary brushed my arm and whispered how proud she was of my dedication to both family and work. I left feeling warm, not just from the coffee, but from that gentle, affirming love."
2023-01-18,18:45,Home Office,"I plopped into my desk chair after a whirlwind day of rebar checks, still smiling over a silly joke Tony cracked about rebar sounding like ‘re-bear.’ Mike dragged me to the living room to show off his newly downloaded PlayStation game, firing up neon racing tracks. Mary was stirring a pot of stew, occasionally rolling her eyes at Mike’s epic gaming commentary. Tina hopped around practicing ballet in the hallway—there’s always a swirl of energy here. It’s chaotic, but I’d trade all the quiet in the world for these vibrant nights."
2023-01-19,07:50,Starbucks (Pacific Palisades),"I told Mary I'd skip coffee, but we both know that’s a lie. Sure enough, I strolled in for a cappuccino, only to bump into Angela from work, who teased me about how many coffee cups I owe Starbucks. My manager Tony sent me a text mid-sip, complaining about the rebar budget. I joked that if he stressed me out too much, I'd sabotage his synth plugin session—he threatened to hide my guitar picks. By the time I finished that cappuccino, I was half-laughing, half-bracing for the day ahead."
2023-01-20,11:30,Whole Foods (Pacific Palisades),"Mary insisted on specialty gluten-free pasta for a friend visiting tomorrow, so I popped in on my break. As I examined overpriced quinoa, I daydreamed about Tony and me writing a funk ode to expensive groceries—it would go triple platinum among stressed parents. Then I zoomed to Burbank to scope out a potential new project; I felt a spark of inspiration seeing different cityscapes. I realized maybe I can channel that into my next guitar piece. Work is intense, but these little daydreams keep me sane."
2023-01-21,15:00,Michaels (Pacific Palisades),"We took Tina to Michaels for more art supplies—she’s practically their new mascot at this point. Mike loudly complained about the overwhelming scent of lavender potpourri, saying it smelled like a grandma’s perfume. I teased him that soon he’d be crocheting scarves and loving it. Mary found a glitter set, insisting it was for Tina but I suspect Mary just wants to bedazzle something. We ended the trip with a quick In-N-Out run in Glendale, which Mike devoured with comedic moaning about how good it was."
2023-01-22,10:00,Trader Joe's (Pacific Palisades),"Sundays typically mean a big grocery haul, but this time the kids were bickering about who got to push the cart. I joked that we could just buy two carts and race them in the aisles—Mary shot me a look, so I dropped that plan. We found some new cereal Mike insisted would ‘boost his soccer powers,’ and Tina got her special frozen fruits. Mary kept stealing glances at me like we shared a secret, reminding me we have movie tickets for tonight. I love that little flirty excitement we still have."
2023-01-23,07:40,Groundwork Coffee (Pacific Palisades),"I dashed in for a quick coffee, exchanging dad jokes with the barista, who now calls me ‘Latte Legend.’ The overpass crane inspection loomed today, and I was a bundle of nerves. Meanwhile, Mary texted that Tina wants a new bike helmet in L.A., so I mentally added that to my chaotic schedule. Still, I took a moment to sip my coffee and think about last night’s family movie—Mike’s commentary was so hilarious, I nearly spilled popcorn. Even in the busiest times, laughter holds us together."
2023-01-24,19:30,Old Navy (Pasadena),"After a day of project chaos, I found myself in a dressing room holding Tina’s spring dress while she changed. She emerged looking super proud, twirling as if on a runway. I clapped and made a goofy catwalk joke, making her giggle. Mary used the break to breathe after a hectic grocery run at Ralphs. Sometimes you realize that even mundane errands can sparkle when shared with people you love."
2023-01-25,08:10,Starbucks (Pacific Palisades),"Mary grabbed her cappuccino while I answered urgent texts about site materials. She made a joke about divorcing me for the coffee if I didn’t plan a real date soon—I countered that I’d rather marry the cappuccino if it keeps me awake. We both cracked up, ignoring the startled stares from other patrons. Then I swung down to The Habit Burger in Irvine for lunch, thinking about how she keeps me laughing through the madness. Life’s definitely not dull around here."
2023-01-26,09:20,Trader Joe's (Pacific Palisades),"Mary strolled the cereal aisle, and I fielded calls about rebar shipping. At one point, Mike called me complaining he lost his shin guards again—somewhere in Anaheim, of course. I teased him, ‘Might as well buy them in bulk, buddy!’ Mary overheard and nearly dropped a cereal box from laughing. These chaotic errands prove we’re never short on comedic material for my future funk album with Tony."
2023-01-27,18:00,Home (Pacific Palisades),"I fueled up earlier, anticipating a busy weekend. Mary and I re-sorted groceries while Tina attempted a complicated ballet move, nearly toppling the fruit bowl. Mike burst into the kitchen, skateboard in hand, bragging about a trick he nailed. I teased that my old knees couldn’t handle that, and Mary teased back that my heart might not handle it either. We ended the evening with me spinning an old funk vinyl and dancing with Mary while the kids howled in mock embarrassment."
2023-01-28,10:30,Ralphs (Pacific Palisades),"We loaded the cart with the usual suspects: fruits, veggies, and endless snacks. Mike danced around, excited about heading to Glendale later for a skateboard he’s saved up for. Tina kept nudging me to buy her more art supplies, as if she doesn’t already own half of Michaels. Mary, ever the calm center, just smiled at us like we were an entertaining circus act. It’s in these moments, joking and discussing random items in the grocery aisle, that I feel our family’s unique magic."
2023-01-29,09:15,Home (Pacific Palisades),"Woke up craving a lazy morning, but the kids had other plans. Tina insisted I sample her new smoothie recipe, which tasted like sour grass clippings, but I feigned delight to spare her feelings. Mike wanted me to watch him attempt a skateboard flip, and Mary teased me about possibly needing medical insurance for that. Even with the chaos, I find joy in these small, tangled moments. After I downed an espresso, the day felt conquerable."
2023-01-30,18:45,Living Room,"Mary whipped up a veggie stir-fry with items from Whole Foods, and I must say it tasted heavenly. We all gathered around the TV to pick a classic movie on Amazon Prime, Tina lobbying for something dance-related while Mike wanted action. Mary and I exchanged smirks, each hoping for a mild comedy. We compromised on an old-timey comedy, laughing at the corny jokes together. By the end, Mike was dozing off, and Tina was practicing dance moves she saw in the film—serene chaos in the best sense."
2023-01-31,13:00,Shell Station (Pacific Palisades),"Took a midday break to refuel the car. My coworker Angela sent me a meme about living at the gas station, and I retorted that if we moved our site closer, I’d save on coffee and gas. Tony texted about a new board game release he saw in Long Beach, suggesting a double date with Mary and me—he’s comedic gold sometimes. The day’s stress melted for a moment as I pictured Tony and me losing epically to our partners in some strategy game. I returned to the office feeling oddly hopeful."
2023-02-01,07:45,Home (Pacific Palisades),"Chaos reigned this morning: Mike lost his cleats, Tina insisted she had the wrong color leotard, and Mary attempted to calm everyone with jokes about a traveling circus. I promised Mike a Starbucks run if he found his cleats fast, and that worked like magic. We ended up all laughing at the kitchen table, finishing half-eaten waffles while Mary declared her love for us ‘even if we drive her insane.’ Moments of laughter are priceless, especially before the day’s madness sets in."
2023-02-02,17:30,Trader Joe's (Pacific Palisades),"I took the grocery reins while Mary relaxed at home. I FaceTimed her in the spice aisle, joking that I forgot what black pepper looked like. She fake-lamented that she married a man who can’t identify basic condiments. Meanwhile, Mike texted me from L.A. bragging about a new soccer T-shirt. I found myself laughing alone in the aisle, grateful for technology that keeps us all tangled in each other’s daily escapades."
2023-02-03,08:15,Groundwork Coffee (Pacific Palisades),"I told Tony I’d go decaf, but the sweet siren of caffeine won again. As I sipped, we gossiped about work—he teased me that we’re in a budget fiasco big enough to make a reality show. Mary, from across town, texted me a pic of her new workout shorts in Burbank, looking fantastic. I realized I should put the phone away before I drooled in my coffee. Hectic day or not, we somehow find ways to amuse ourselves."
2023-02-04,16:20,LEGO Store (Anaheim),"Mike beamed like a lamp post as he chose a space-themed LEGO, practically bouncing on his toes. I remembered those same puppy eyes when he was a toddler, and I felt a rush of fatherly pride. Mary had taken care of groceries at Ralphs, so dinner was set—my job was to be the enthusiastic dad. Tina tagged along but didn’t hide her yawn; she’s more about paintbrushes than plastic bricks. We returned home to start assembling, Mike cracking cheesy jokes about ‘LEGO Astronauts Conquering Evil Veggies.’"
2023-02-05,07:50,Starbucks (Pacific Palisades),"Inspection day again, so I needed coffee that could wake a hibernating bear. Mary teased that I might just marry my grande latte if she ever left me. I retorted that at least the latte never complains about my socks on the floor; she playfully swatted my arm. Tina was already up, attempting a new dance pose in the hallway, while Mike was enthralled with his new skateboard wheels. My heart felt full watching them, even if my energy ran on caffeine."
2023-02-06,12:00,Trader Joe's (Pacific Palisades),"Mary insisted on restocking after our weekend feast, and I tried to help but ended up dancing to the store’s pop playlist. Some passing shopper laughed and told me to audition for a commercial. Meanwhile, Mike lost his old shin guards again—swear that kid is auditioning for a forgetful soccer champion role. Tina stayed home finishing an art piece, so Mary and I actually had a flirty mini-date amidst the produce aisles. I walked out carrying groceries and a goofy grin."
2023-02-07,10:00,Home (Pacific Palisades),"Mary gulped a coffee from Groundwork while juggling laundry; I cracked a joke about auditioning for a laundry folding Olympics. Tina hopped online to order a present for her classmate, humming a random tune that got stuck in my head. The site is surprisingly quiet for me, giving me time to finalize some design tweaks. I might spend the afternoon strumming guitar or checking on Mike’s soccer practice. Days like this remind me that calm can be just as sweet as excitement."
2023-02-08,18:00,Ralphs (Pacific Palisades),"After a day of hauling rebar, rummaging for safety gear, and tolerating Tony’s endless puns, I found grocery shopping oddly soothing. Mary had gone to REI in Irvine for new hiking boots, so we’re definitely aiming for a nature outing soon. Tina greeted me at the door, waving paintbrushes like batons and squealing about her next masterpiece. Mike teased her, but she threatened to paint his soccer ball pink—peace negotiations ensued. We ended the night in happy, messy harmony."
2023-02-09,08:30,Shell Station (Pacific Palisades),"With final site visits in full swing, I’m practically a regular at this gas station. The cashier joked that I should get a loyalty punch card. Mary called mid-fill to say she’s diving into online guitar lessons—finally, a duo jam might be on the horizon. I grinned imagining us serenading each other after the kids are asleep. The day’s stress took a backseat for a moment as I pictured that sweet possibility."
2023-02-10,07:40,Starbucks (Pacific Palisades),"Rushed out the door, barely kissing Mary goodbye. She teased me that if I love Starbucks more than her, she’ll start flirting with the barista. I told her not to get too cozy, or I’ll sabotage their espresso machine. We both ended up cracking up, probably scaring half the people in line. Tina needed a new ballet hair net in Glendale, so Mary’s on that mission while I handle an early project meeting. Marriage is definitely spicier with these playful threats."
2023-02-11,13:30,Whole Foods (Pacific Palisades),"Saturday means a bigger grocery run, plus Mary wanted fresh kale for some mysterious green concoction. Mike rolled his eyes at the concept of kale, vowing never to eat anything that ‘tastes like grass.’ Meanwhile, I’m desperately hoping this is the grocery run that finally cures our constant midweek re-stocks. Tina was at home painting, so we FaceTimed her to confirm paint colors for a random craft idea. We ended the day in mild chaos, which is basically a family tradition."
2023-02-12,09:30,Groundwork Coffee (Pacific Palisades),"Sunday coffee in hand, I felt a wave of calm pass over me. Tina brandished her newly bought art supplies from Anaheim, claiming she’d paint me as a superhero. I laughed, saying she’d have to include a giant coffee mug as my superpower. Mary teased that if coffee is my fuel, chaos is my sidekick. Mike hopped around practicing soccer footwork in the living room, dodging paint tubes. We’re a circus, and I love every act."
2023-02-13,19:00,Home (Pacific Palisades),"We concluded a midweek grocery run and somehow ended up with more cereal than we can store. Mary shrugged, blaming it on the kids’ fluctuating cravings. Mike bragged about how his soccer coach praised his footwork, so we gave him extra cereal for ‘champion energy.’ Tina rolled her eyes, busy flipping through her new ballet book. I felt warmth wrapping around me, from the comfort of mundane tasks to the hum of our banter—it’s family life at its best."
2023-02-14,07:50,Starbucks (Pacific Palisades),"Valentine’s Day started with Mary giving me a playful ultimatum: 'Buy me flowers or buy me coffee—just show me you love me.' I responded by ordering a grande latte with whipped cream and handing her a heart-shaped donut. She burst into laughter, calling me a dork but hugging me all the same. The kids were eager for their school card exchanges, Mike boasting he’d get the most candy. I rushed off to the site feeling a sweet mixture of romance and silliness."
2023-02-15,12:15,Trader Joe's (Pacific Palisades),"Mary insisted on grabbing fresh produce, joking that if we don’t eat healthier, Mike’s soccer dream will remain a dream. Tina, thrilled with her new roller skates from Irvine, showed them off in the parking lot, nearly colliding with a stack of carts. I played the concerned dad, while Mary just shook her head, smiling. As we loaded groceries, we chatted about the overpass project nearing a big milestone—my stress soared, but Mary squeezed my hand reassuringly. One supportive gesture can really keep me afloat."
2023-02-16,08:00,Shell Station (Pacific Palisades),"Time to fuel up again, because I can’t risk an empty tank on a crucial site day. The station attendant laughed, saying, ‘See you tomorrow, buddy?’—he’s not wrong. Mary found a neat workout top at Gap in Anaheim, so she’s pumped to try it out. Meanwhile, Tony texted me rebar jokes, claiming we should brand ourselves the ‘Re-Bar Bandits.’ I rolled my eyes but laughed anyway; life’s better with a dose of humor, right?"
2023-02-17,07:55,Groundwork Coffee (Pacific Palisades),"Friday vibe is strong, and so is my latte. Mike showed off his new kids’ sunglasses from L.A., dramatically pretending he’s an undercover spy. Mary giggled, snapping a photo for the family album. I half-jokingly told Tony I might quit engineering to become a barista—he said, ‘No way, you’d drink all the profits!’ This day started off on the bright side, fueling my hope for a smooth weekend."
2023-02-18,09:00,Ralphs (Pacific Palisades),"We roamed the aisles picking out supplies for Sunday’s lunch, Tina insisting on weird exotic peppers. Mary compromised, letting her add two. Mike fiddled with his phone, hunting for the perfect soccer drill to try out. I teased him that soon he’ll be charging us for autographs. The morning ended with Mary and me exchanging an affectionate glance, grateful for these little family escapades."
2023-02-19,13:00,Pizza Hut (Irvine),"Mike’s soccer match ended in victory, so we celebrated with pizza. He regaled us with exaggerated tales of his ‘epic passes and unstoppable shots,’ while Tina teased him for hogging the ball. Mary and I clinked soda cups in silly cheers, proud of his achievements and also enjoying the drama. I recapped my morning fill-up in Pacific Palisades, joking that I spend more time at the gas station than in bed. We left with full bellies and hearts, vowing to do it again if Mike keeps scoring."
2023-02-20,16:00,Home Office,"I wrapped up a crucial call about rebar scheduling, massaging my temples from the tension. Mary was in the kitchen humming a tune, probably using some of her new Trader Joe’s produce for dinner. Mike rummaged through old soccer medals, humming triumphantly, while Tina drew sketches of him as a superhero athlete. I poked my head out to share a laugh at her caricatures, which had Mike with bulging muscles and a teeny head. Despite the busyness, the house felt warm and loving."
2023-02-21,07:45,Starbucks (Pacific Palisades),"Mary and I swung by for a quick morning latte. She teased me that if I keep wearing my old ragged hoodie, she might stage a fashion intervention. Meanwhile, Tina was stoked about going for ice cream in L.A. as a reward for perfecting her dance moves. I joked that I deserve ice cream too for consistently waking up this early. We parted ways, me to the overpass site, her to volunteer at Mike’s school—another day in paradise."
2023-02-22,19:00,Home (Pacific Palisades),"After finalizing site tasks, I exhaled relief stepping into our lively home. Tina proudly flaunted a new painting, claiming it’s an abstract of our family in chaos—and it was hilariously accurate. Mike teased her that she should include the dog, Spot, wearing a tutu. Mary smirked and said, ‘That’s next week’s masterpiece!’ The stress of the day melted in the warmth of their banter, making me feel unbelievably lucky."
2023-02-23,09:10,Groundwork Coffee (Pacific Palisades),"Mary looked radiant sipping her iced latte, while I recounted my bizarre dream about rebar turning into giant metal snakes. She snorted, nearly spilling her drink, and asked if Tony was also a snake. I said yes, but a friendly, dancing snake. Meanwhile, Mike downloaded a puzzle platformer on the Switch, swearing it’s the best game ever. I think we both know he’ll be roping me into co-op soon."
2023-02-24,08:00,Trader Joe's (Pacific Palisades),"Mary snagged the kids’ favorite cereal, reminding me to keep it hidden or they’ll devour the box in a day. I was pondering the next site inspection, feeling a knot in my stomach. She whispered a motivational pep talk, telling me I’m basically the superhero of the overpass. I laughed and said if I'm a superhero, my power is over-caffeination. We left joking about what our sidekicks would be, me with a coffee cup, her with a grocery cart."
2023-02-25,10:20,Starbucks (Pacific Palisades),"Before diving into errands, I grabbed a morning coffee. Mike grinned ear to ear, announcing he bought a dog toy for Spot in Burbank. I teased him that he should become a pet influencer, reviewing chew toys for big bucks. Mary just rolled her eyes, enjoying the comedic show. Saturday mornings have become my favorite, filled with silly plans and affectionate teasing among us all."
2023-02-26,11:00,Home (Pacific Palisades),"Mary had tackled the Ralphs run earlier, piling up veggies for a big dinner. Tina walked in with a pack of birthday candles, winking at me like she was planning a secret. Mike bragged about his new skate trick, but Tina threatened to put pink candles all over his board if he teased her again. The banter felt playful, brimming with sibling love and rivalry. Later, we lounged in front of the TV, relishing our casual Sunday vibe."
2023-02-27,07:35,Shell Station (Pacific Palisades),"I fueled up en route to another busy day, humming some old disco tune Tony got stuck in my head. Mary texted me about her haircut in L.A., joking that she might come home unrecognizable but still gorgeous. I replied that I’d still love her even if she shaved her head and wore clown makeup. She sent back a laughing emoji, calling me a weirdo. With that, my day felt a little brighter."
2023-02-28,08:10,Groundwork Coffee (Pacific Palisades),"I plopped into a chair, enjoying a rare moment of calm. Mary teased me via text for my ‘romance’ with coffee, and I teased back that our wedding vows didn’t forbid caffeine flings. Tina found cheap flip-flops in Irvine, proud of her mini fashion statement. Meanwhile, I’m coordinating final site updates—some tension building, but I trust my crew. Sipping that mocha, I reminded myself that no matter the stress, there’s always room for laughter and love."
2023-03-01,17:00,Whole Foods (Pacific Palisades),"Mary loaded the cart with fancy greens, determined to keep the family on a healthy track. Mike tried to sneak a giant bag of chips in, and they playfully wrestled with it, creating a small spectacle for passing shoppers. Meanwhile, I daydreamed about the day’s progress at the overpass—so close to completion. Tina hopped around, wearing her new roller skates in the aisle until Mary gently scolded her. We left with a trunk full of groceries and big smiles."
2023-03-02,20:00,Home (Pacific Palisades),"Got home after a final rebar check, exhausted but relieved. We shared some Porto’s pastries Mary brought from Burbank, practically fighting over the last cheese roll. Tina practiced her dance next to the dining table, nearly knocking over Mike’s soda, which caused a mini family uproar. We ended up laughing so hard that tears rolled down my face. The project stress melted away in the warmth of our sweet, chaotic home."
2023-03-03,09:10,Starbucks (Pacific Palisades),"Mary decided on a chai latte, claiming she needed ‘maximum comfort in a cup’ after a rough night’s sleep. I teased her that she might switch to decaf if the kids keep her up again, and she faked an outraged gasp. Mike was texting me pictures of new headphones in Anaheim, asking for approval—like father, like son, we both love gadgets. Tony jumped in on our group chat with a pun about ‘sound engineering’ being literal. Good vibes all around."
2023-03-04,15:45,Trader Joe's (Pacific Palisades),"Saturday restock is almost a ritual now, but we add new jokes each trip. Mary told me we should produce a family sitcom called ‘The Smith Grocers.’ I retorted that it’d be a smash hit among stressed parents worldwide. Tina rolled her eyes, far too cool for our jokes, while Mike took the opportunity to pick weird snacks for his next soccer meet. We left with a cart brimming with food and hearts brimming with silliness."
2023-03-05,09:00,Shell Station (Pacific Palisades),"Yet again, I'm at the gas station, greeting the attendant who calls me ‘Mr. Overpass.’ Mary had a lunch date with a friend, so I’m minding the kids. Mike has new skateboard wheels, so I half-expect a ‘Dad, I broke my arm’ call soon. Tina said she’s practicing a ‘rainbow leap’ in ballet, whatever that means—I just pray it’s safe. My day is shaping up to be a juggling act, but we handle it with jokes and open hearts."
2023-03-06,08:00,Groundwork Coffee (Pacific Palisades),"Monday needs a double espresso, no question. Tony joked that if I keep this up, I’ll owe Starbucks my firstborn—too late, that’s Mike’s comedic soul. Meanwhile, Mary texted me a pic of Mike’s new flip-flops in Pasadena, rolling her eyes at his unstoppable sports fashion spree. I’m about to dive into final paperwork for the overpass—scary, but also thrilling. Sipping this coffee, I feel ready to conquer Monday."
2023-03-07,19:00,Home (Pacific Palisades),"Mary’s prepping for a large meal tomorrow, after a Ralphs run that ended in some cereal sale frenzy. Tina decided to buy a baby gift for her cousin’s newborn, so we spent dinner passing around plush toys and giggling. The site was calm for me, which felt like a gift from the universe. After dinner, we lounged, flipping channels, cracking up at random commercials. Ordinary nights, but the love here is extraordinary."
2023-03-08,07:30,Shell Station (Pacific Palisades),"Gassed up again, exchanging a grin with the attendant, who now calls me ‘The Fuel King.’ Tony sent me a meme referencing rebar and giant metal snakes again—I guess that dream is never dying. Mary tried a new protein bar from GNC in Glendale, shrugging that it’s edible but not life-changing. Meanwhile, I feel a surge of excitement: final rebar steps are done, and we’re inching toward the overpass finish line. Let’s hope for smooth sailing from here."
2023-03-09,08:15,Starbucks (Pacific Palisades),"I needed a mocha pick-me-up, or I’d doze off mid-inspection. Mike raved about a new DLC for his racing game, promising me the best father-son challenge. Mary teased that if we keep racing in video games, we’ll never race to finish chores. I countered with a cheesy pun about finishing lines, which made her roll her eyes. Sometimes it’s those corny jokes that tie us closer."
2023-03-10,18:00,Living Room,"Mary snatched up goodies from Trader Joe’s, filling the kitchen with fresh aromas. I spent half the day directing a rebar delivery, so seeing her and the kids unwinding was a welcome sight. Tina tested new ballet moves, pausing only to show me a random cat video she found hilarious. Mike sat on the rug, playing a handheld game but occasionally glancing at Tina’s wild twirls in mock horror. We all ended up laughing—this house thrives on comedic timing."
2023-03-11,22:00,Local Venue (Los Angeles),"Tony and I rocked out at a local funk gig, dancing like we were 20 years younger. I forgot about work stress for a few hours, letting the bass line lift my spirits. Mary texted to say the kids were asleep, so I could stay out as late as I wanted—she’s a saint. I bought a band T-shirt, determined to preserve the memory of tonight’s euphoria. On the drive home, I hummed tunes we’d heard, eager to share them with Mary tomorrow."
2023-03-12,08:30,Groundwork Coffee (Pacific Palisades),"Still buzzing from last night’s concert, I grabbed a Sunday mocha to keep the energy rolling. Mary admired my new band T-shirt but teased that I smelled like sweat and cheap beer, which was probably accurate. Mike was enthralled with a new phone screen protector in Irvine—he’s obsessed with 'max clarity,' whatever that means. Tina was painting a bright, funky cityscape, maybe inspired by my concert stories. Our house felt vibrant with creativity."
2023-03-13,12:00,Ralphs (Pacific Palisades),"Mary dropped by mid-day for groceries—our cereal and milk vanish like magic. I hammered out final site documents, then refueled in Burbank, letting my thoughts drift to the next music jam with Tony. The kids arrived home all chatty: Mike about soccer drills, Tina about a random dance idea. By dinner, we were a chorus of overlapping stories, each voice weaving into one comedic tapestry. Hectic, but I wouldn’t trade it for anything."
2023-03-14,07:50,Starbucks (Pacific Palisades),"Caffeine synergy: I devoured a caramel macchiato, daydreaming about finishing the overpass. Tina pestered me about some new headband in Anaheim, vowing she can’t dance without it. I teased her that if a headband is the key to her grace, we need a thousand. She laughed so hard her backpack nearly fell off, leading to a round of giggles for both of us. The drive to the site felt lighter after that fun father-daughter moment."
2023-03-15,18:30,Home (Pacific Palisades),"Mary ushered me in, brimming with excitement about Mike’s soccer progress. He apparently impressed the coach, and Tina teased him that maybe he’ll move to Europe next year. I chuckled, picturing us all jetting off for his career—wild, but hey, who knows? Meanwhile, the overpass design is nearly complete, a huge relief for me. We ended the night with leftover pasta, playful jabs, and a sense that good things are around the corner."
2023-03-16,07:30,Shell Station (Pacific Palisades),"Another top-up, greeted by the cashier who’s now a friend, always asking about Tina’s ballet or Mike’s soccer. Mary picked up fancy chocolates for her friend’s anniversary, which smelled divine. Tony texted me about final safety checks—my heart fluttered at the thought of concluding this massive project. I realized, as I drove off, that I’m not just fueling my car but fueling my dreams with each step forward. The day felt ripe with possibility."
2023-03-17,20:00,Home (Pacific Palisades),"Mary served a brand-new recipe from Whole Foods that tasted downright gourmet. We celebrated small joys: the kids’ achievements, site milestones, and the random blessing of a pleasant day. After dinner, I hopped online to buy an R&B concert ticket—Mary teased that I have more shows lined up than a teenager. Tina doodled in the corner, humming a Disney tune, and Mike attempted to teach her some soccer footwork. The house glowed with family synergy, and I wouldn’t have it any other way."
2023-03-18,09:10,Groundwork Coffee (Pacific Palisades),"Saturday cappuccino in hand, I felt unstoppable. Tina burst in wearing sparkly nail polish from Irvine, urging me to admire how it shimmered under the café lights. Mike feigned annoyance, but I caught him discreetly complimenting her color choice. Mary teased that I should get matching polish for my guitar-playing fingers, which led to a comedic debate about glitter strings. We left with smiles, ready for a day of random errands and shared laughter."
2023-03-19,08:45,Ralphs (Pacific Palisades),"We did our typical Sunday grocery dance: Mary directed, I fetched, the kids played cart jousting. Afterward, Mike somehow convinced me to buy him a small toy car in Burbank, which he insisted was for 'collecting'— I suspect it’s just for fun. Tina was at home painting an ambitious new piece called ‘Our Insane Family,’ which I’m both flattered and terrified to see. Once we were all back, the kitchen filled with conversation and cooking aromas, a cozy Sunday hallmark."
2023-03-20,18:40,Living Room,"I spent the day finalizing site tasks, feeling the weight lift from my shoulders. Mary rummaged through vegetarian recipes, determined to try them all this week. Mike pranced around showing off old soccer trophies, bragging that tomorrow’s practice will be legendary. Tina quietly read her new ballet encyclopedia, occasionally squealing at interesting facts. It’s nights like this, with gentle chatter and shared excitement, that make home the sweetest place on earth."
2023-03-21,07:40,Starbucks (Pacific Palisades),"Mary cheerfully insisted on buying my latte since I looked half-dead from site stress. I joked that she’s basically my caffeine sugar mama. She snorted and nearly dropped her phone, drawing amused stares from other customers. Tina was busy preparing for a haircut in L.A., saying shorter hair equals more spins. Meanwhile, I sipped gratefully, feeling that love and laughter are truly the best breakfast combo."
2023-03-22,12:00,Trader Joe's (Pacific Palisades),"I snuck out at lunch to replenish our fridge, determined not to forget the almond milk Mary loves. Mike had Chick-fil-A in Pasadena, texting me a pic of his giant fries. The overpass site is stable, so my heart felt lighter today. I’m thinking maybe we can do a puzzle or watch a documentary tonight—something that brings us all together on the couch. Small gestures of closeness can overshadow even the heaviest project burdens."
2023-03-23,09:00,Shell Station (Pacific Palisades),"Filled up the tank, mentally revising my final overpass inspection checklist. Mary’s heading to Anaheim for a new yoga mat, an attempt to de-stress. I told her if she gets into yoga, I’ll write a relaxing guitar track for her sessions—she found that idea hilarious. Meanwhile, Tony teased me about micromanaging every rebar detail, but hey, it’s how I show I care. Despite the jokes, I’m so close to finishing strong."
2023-03-24,08:20,Groundwork Coffee (Pacific Palisades),"Morning coffee break gave me time to appreciate the little joys: the barista’s cheerful wave, the aroma of fresh pastries, the mild sunshine filtering in. Tina called me, excited about a birthday gift she found in Burbank, rambling so fast I only caught half of it. The site’s on the home stretch—just a few sign-offs left. Mary’s planning a chill evening, maybe a board game. My heart felt light, like I could skip instead of walk."
2023-03-25,17:00,Home (Pacific Palisades),"After a day of errands, Mary came back from Ralphs with supplies for a mini Sunday cookout. Mike proudly set up a new dog bed in L.A. for Spot, boasting it was ‘luxury-level’ and filming Spot’s reaction. Tina wrapped up her art project, showing us a whimsical painting of our family riding unicorns—definitely a conversation piece! We might watch a show tonight, or just chat about random topics. Being together is the real highlight."
2023-03-26,09:10,Shell Station (Pacific Palisades),"It’s Easter Sunday, so we’re driving to see relatives in L.A. for a festive lunch. I topped off the tank, joking with the attendant that my car and I are practically engaged by now. Tina displayed new sneakers from Long Beach, while Mike rolled his eyes, saying she’s a ‘sneakerhead in training.’ Mary patted my shoulder, telling me to relax and enjoy the holiday—she can sense my restlessness about site stuff. I exhaled, deciding to let love and laughter lead today."
2023-03-27,07:35,Starbucks (Pacific Palisades),"I grabbed a mocha to tackle an early site crew briefing, half-laughing at how often I break my ‘less coffee’ resolution. Mike replaced his skateboard wheels in Irvine, so he’s itching to show me a new trick. Mary reminded me that groceries are sorted, so dinner is one less worry. I can’t believe how close we are to finishing the overpass—it’s surreal. This mix of fatherhood, marriage, and engineering is a rollercoaster, but one I ride with a grin."
2023-03-28,10:00,Trader Joe's (Pacific Palisades),"Mary restocked fruit for the kids’ lunches, insisting that we’re banning junk food. Mike huffed dramatically, but quickly shifted to brag about a new PC game he found on Steam, like that’s any healthier. The overpass design is locked in, and I feel a huge relief. Tina texted me from school about how her dance teacher loved her leaps. I chuckled, imagining her excited face, grateful for these mini updates that color my day."
2023-03-29,08:25,Shell Station (Pacific Palisades),"Refueled yet again—my typical routine at this point. The cashier said I should dress as a gas pump for Halloween, and I nearly choked from laughter. Mary printed photos of Tina’s ballet show in Glendale, planning to hang them in our hallway. Meanwhile, the kids are off to school, leaving a peaceful hush behind. I relish the calm, though part of me loves the chaos they bring when they’re home."
2023-03-30,09:45,Groundwork Coffee (Pacific Palisades),"I grabbed a cappuccino in a to-go cup, determined not to linger. But the barista cracked a joke about rebar coffee stirrers, referencing Tony’s pun-filled stories. I left half-laughing, half-rolling my eyes. Tina found a sticker book in L.A. for her new scrapbook, and she’s eager to fill every page with sparkly nonsense. Mary teased me last night that I might appear in that scrapbook wearing bunny ears, so I’m bracing for comedic blackmail."
2023-03-31,08:40,Ralphs (Pacific Palisades),"Mary went all-in on groceries for a small gathering with neighbors—she’s the hostess with the mostest. Mike wanted me to notice his new skateboard pads from Pasadena, flexing them like they were high-fashion. Tina teased him about runway moves, and he pretended to dramatically strut across the kitchen. I love how our kids roast each other but still share so much love. With March ending, I’m reflecting on how far we’ve come, personally and professionally."
2023-04-01,09:00,Shell Station (Pacific Palisades),"April Fools’ Day, and I half-expected the cashier to trick me into paying double. Instead, she greeted me with a grin, teasing that she’s waiting for me in a tux next time, so we can formalize our daily fueling bond. Mary texted me about a new puzzle platformer in Long Beach that the kids want—maybe we’ll check it out. I’m grateful we can still laugh amidst the madness of finishing this project. Tomorrow looks bright with possibilities, no joke."
2023-04-02,11:00,Starbucks (Pacific Palisades),"Sunday iced latte in hand, I teased Mary that I’m more devoted to caffeine than to my own pillow. She rolled her eyes, but her playful smile gave her away. Tina pranced around in new floral flip-flops from Hollywood, claiming she was ‘ballet strolling.’ Mike tried to challenge her to a flip-flop race, which she rejected in dramatic fashion. I soaked it all in, grateful for our silly, loving dynamic."
2023-04-03,13:30,Whole Foods (Pacific Palisades),"Mary loaded up on plant-based proteins, swearing we’ll all feel like superheroes by next week. I refueled in L.A. post-expo, humming new green-building ideas that might spark my next side project. Mike’s excited about soccer practice tonight, while Tina’s gearing up for a mini dance show at school. We’re so close to finalizing the overpass that I can practically smell victory. Coming home to dinner and the kids’ excited chatter is all the motivation I need."
2023-04-04,07:50,Groundwork Coffee (Pacific Palisades),"Mary indulged in a caramel-laced latte, joking it’s the closest thing to a spa day she’ll get this week. Mike showed off new cleats from Burbank, strutting around the living room like a peacock on catwalk day. Tina tried to do a spinning hug, nearly toppling us both. The overpass final checks are looming, but seeing them so alive makes my stress vanish, if only for a moment. I keep thinking about how, once this project’s done, we deserve a massive celebration."
2023-04-05,08:30,Trader Joe's (Pacific Palisades),"I grabbed groceries, ignoring the crowd because Mary specifically asked for certain cereals. Tina excitedly told me about a Slurpee treat in Glendale after her tests, beaming with pride for finishing them. Mike teased her that her brain must be on a sugar high. Meanwhile, I’m juggling site phone calls but feeling oddly calm, as if we’ve found our groove. I sense we’re in the final stretch of big changes, and that anticipation has my heart beating faster with excitement."
2023-04-06,07:40,Shell Station (Pacific Palisades),"Refueled, chatting briefly with the attendant about our weekend plans. Mike replaced Spot’s collar in Irvine, saying the dog is basically a fashion influencer now. Mary’s day includes a quick yoga session with her new mat, so I teased her that she’ll soon out-stretch me. The overpass might see its final safety approval next week, a thought that sends butterflies through my stomach. I hold onto Mary’s positivity, determined to see it through."
2023-04-07,09:10,Starbucks (Pacific Palisades),"Mary teased me for going vanilla latte instead of my usual mocha—she claims I’m losing my edge. I fired back a playful remark about being edgy enough to replace my phone case in Anaheim yesterday. We bantered all the way home, garnering a few amused looks from bystanders. Meanwhile, Tina is prepping for a small dance routine at school, and Mike’s practicing a new skateboard trick in the driveway. Life’s a carousel of laughter and love, and I can’t complain."
2023-04-08,16:00,Ralphs (Pacific Palisades),"We gathered supplies for a grand Sunday brunch, each of us picking an item we love. Mike tried to sneak extra sugary cereal, but Mary shot him a mom-glare. After checking out, we rented a goofy musical comedy on Apple TV for tonight—Tina and I plan to dance along to the big numbers. The comedic chaos in our house is unstoppable, but it’s what makes weekends shine. I can’t wait for tomorrow’s family feast."
2023-04-09,10:15,Shell Station (Pacific Palisades),"Easter Sunday, and we’re gearing up to visit relatives in L.A. I topped off the tank while wearing a pastel polo Mary chose—she said I looked charming, so my ego soared. Tina flaunted new sneakers from Long Beach, matching them with adorable bunny socks. Mike made bunny ears behind her in the rearview mirror, and she hilariously tried to whack him. We drove off laughing, a trunk full of Easter goodies and a heart full of excitement."
2023-04-10,08:05,Groundwork Coffee (Pacific Palisades),"Final day for the overpass tasks, so I treated myself to an espresso so strong I felt my hair stand up. Mike bought new sand toys in L.A., and I teased him about being too old for sand castles—he retorted that no one’s ever too old for imagination. Mary told me she can’t wait for a well-earned vacation, and I wholeheartedly agreed. Tina spun around in her ballet slippers, chanting a victory dance for the end of Daddy’s big project. The warmth of their support fuels me to wrap this up with a triumphant flourish."
