Date,Note Title,Note Content
2023-01-01,"New Year’s Resolution Brainstorm","The entire family is excited to start fresh. We discussed personal goals, including Mike’s soccer drills, Tina’s dance routines, and a potential new acoustic track with Tony. I’m determined to run three times a week."
2023-01-02,"Morning Jog Reflection","Went for a brisk run at sunrise in the local park. Feeling energized and motivated to maintain a consistent fitness routine as part of my New Year goals."
2023-01-03,"Highway 63 Planning","Spent the day reviewing preliminary sketches for the overpass project. Main concerns are soil stability and the timeline for rebar delivery. Must coordinate with Tom and Phil by Thursday."
2023-01-04,"Budget Meeting Prep","Manager wants updated numbers on steel reinforcement costs. I need to finalize the site plan to ensure we meet the city’s funding requirements. Might need extra data from Phil’s contractor team."
2023-01-05,"Open Mic Possibility","Tony emailed about a local bar hosting open mic nights. Thinking of preparing two acoustic songs. Could be a great way to relieve stress from the engineering workload."
2023-01-06,"Family Movie Night Notes","Kids chose a comedy film this time. Mike laughed hysterically while Tina practiced dance moves during the credits. Nice to unwind after a busy week at work."
2023-01-07,"Soil Inspection Takeaways","Early site visit confirmed slight moisture issues on the east side of the overpass. We’ll need additional drainage channels—documenting this for the next client call."
2023-01-08,"Music Riff Inspiration","Woke up with a melody in my head. Recorded a quick guitar riff in my home studio. Planning to share it with Tony for feedback on chord progressions."
2023-01-09,"Budget Alignment Chat","Met with finance to discuss cost overruns on steel. We have to adjust the forecast. Possibly switching to a local supplier if it saves money."
2023-01-10,"Mike’s Soccer Observations","Attended Mike’s practice. He’s really developing footwork skills. Coach mentioned increasing his playtime if he keeps improving."
2023-01-11,"Team Huddle Recap","Daily sync with the engineering crew went smoothly. The new junior engineer asked about rebar specs—might schedule a tutoring session next week."
2023-01-12,"Lunch & Learn Insights","Today’s session on work-life balance resonated with me. Juggling the overpass project, family time, and music can be challenging, but planning ahead helps."
2023-01-13,"Safety Review Notes","The safety audit at the construction site revealed no critical gaps. We should keep a closer eye on signage placement near the excavation area."
2023-01-14,"Tina’s Ballet Observations","Tina’s instructor praised her form. She’s gearing up for a recital, which might happen next month. Need to mark my calendar once it’s confirmed."
2023-01-15,"Family Brunch Musings","Visited Mary’s parents. Talked about potential summer trips for the kids. Also mentioned my music hobby—her dad suggested recording a mini album."
2023-01-16,"Morning Run Progress","Increased my distance by half a mile without stopping. Feeling good about my endurance. Next step: add light weight training to my routine."
2023-01-17,"City Council Presentation Reflection","Presented updated designs to the city council. They liked the pedestrian-friendly layout. Key takeaway: incorporate a wider sidewalk for future expansions."
2023-01-18,"Garage Jam Session","Jammed with Tony for two hours. Tested an electronic beat layered over acoustic guitar chords. Surprised at how well it blends!"
2023-01-19,"Manager One-on-One Notes","Manager is pleased with project progress but wants a clearer timeline for foundation work. Will finalize a Gantt chart by Monday."
2023-01-20,"Lunch with Phil","Discussed the steel supplier quotes over sandwiches. Phil believes we can negotiate a discount if we order in bulk. Following up tomorrow."
2023-01-21,"Early Site Inspection Findings","Checked the post-rainfall ground conditions—everything stable enough to proceed. Documented minor puddling near the eastern slope."
2023-01-22,"Mike’s Roller Coaster Model","Helped Mike cut cardboard for his science project. We talked about basic physics principles and how gravity drives the coaster cart."
2023-01-23,"Engineering Team Meeting","Walked through each sub-team’s progress. Rebar layout is on track, but we need to finalize the drainage solution soon."
2023-01-24,"Budget Realignment","Finance flagged additional cost concerns about labor overtime. Need to shift some funds to keep the schedule on track. Recommending weekend shifts if necessary."
2023-01-25,"Late-Night Recording Session","Experimented with a new guitar pedal. Recorded multiple takes of a mellow riff that could evolve into a full track. Will share with Tony later."
2023-01-26,"Team Stand-Up Plans","Tomorrow’s stand-up will focus on the drainage system. Must confirm the slope angles are correct to handle heavy rainfall."
2023-01-27,"Steel Delivery Delay","Phil mentioned a possible one-day steel delay. This might push back rebar installation. Need to rearrange the site schedule accordingly."
2023-01-28,"Weekend Errands List","Mary wants me to stock up on groceries. Kids need art supplies for school. Must not forget fresh strings for my guitar!"
2023-01-29,"Pedestrian Safety Requirements","New city guidelines call for better sidewalk lighting. We may need an electrical contractor to ensure compliance before final inspection."
2023-01-30,"Site Photos Review","Manager wants high-res photos for the board presentation. Spent the morning labeling each shot to indicate which section of the overpass is shown."
2023-01-31,"Junior Engineer Mentoring","Scheduled a session to explain advanced load calculations. Good to see her enthusiasm—it reminds me of my early days in engineering."
2023-02-01,"Daily Stand-Up Summary","Teams appear confident about finishing foundation work by mid-month. Must keep a close eye on the weather—February storms could slow us down."
2023-02-02,"Wellness Challenge Check-In","HR launched a step-tracking initiative. My daily run helps me stay competitive. Co-workers are forming mini rivalry groups for fun."
2023-02-03,"Morning Fitness Run","Joined a few colleagues at 6 AM for an office wellness run. Surprised at how many of us are taking our health more seriously."
2023-02-04,"Weekend Family Shopping","Picked up new cleats for Mike’s soccer practice, a fresh ballet outfit for Tina, and ingredients for a Sunday brunch. Family time well spent."
2023-02-05,"Site Cleanup Efforts","Spoke with the crew about clearing leftover debris around the pillars. Good housekeeping now helps us avoid safety issues later."
2023-02-06,"HR Workshop Takeaways","Learned a few techniques to manage stress and communicate effectively. Might be useful when dealing with city officials next week."
2023-02-07,"Drainage Fix Update","Meeting with city officials revealed small fixes needed for water runoff. Proposed deeper channels near the ramp’s east end."
2023-02-08,"Mentorship Session","Helped junior engineer interpret blueprint notations for rebar spacing. Encouraged her to cross-reference city building codes."
2023-02-09,"Family Dinner Out","Mary, Mike, and Tina joined me at an Italian bistro. Great food and even better conversation about upcoming soccer games and Tina’s dance practice."
2023-02-10,"Weekly Team Sync","Discussed the next concrete pour date. Must ensure weather conditions are suitable. Also covered updated safety protocols."
2023-02-11,"Run & Reflect","Used my Saturday run to think through a new chord progression. Might bring the idea to Tony for a slow, moody track."
2023-02-12,"Mike’s Soccer Match","Mike scored two goals! He’s proud, and so are we. The team is considering him as a forward for upcoming tournaments."
2023-02-13,"Technical Deep-Dive","Tom and I spent an hour verifying load-bearing calculations. Discovered a minor discrepancy, which we corrected before finalizing the blueprint."
2023-02-14,"Valentine’s Day Dinner","Mary and I opted for a quiet meal at home. After the kids went to bed, we talked about planning a brief family getaway next month."
2023-02-15,"City Planning Workshop","Attended a short course on future infrastructure expansions. Might incorporate some eco-friendly approaches into our designs."
2023-02-16,"Steel Supplier Negotiations","Held a Teams call with the supplier. They agreed to a slight discount if we confirm the entire order by next week."
2023-02-17,"Gym Strength Training","Shifted my focus from running to weightlifting this morning. Sore but in a good way. Looking forward to mixing up workouts."
2023-02-18,"Tina’s Costume Pickup","Visited the dance supply store for Tina’s recital outfit. She’s thrilled—it has sparkly accents and a matching hairpiece."
2023-02-19,"Site Cleanup Sunday","Quick site check after last night’s rain. Everything looks stable. Just need to clear a few muddy spots near the new rebar placements."
2023-02-20,"Manager 1:1 Topics","We discussed my career goals and project timelines. Manager suggested taking on more leadership roles, which is exciting."
2023-02-21,"Contractor Status Meeting","Phil and I went over material deliveries for the next two weeks. Concrete supplies look good; rebar ties might be tight."
2023-02-22,"Late Studio Session","Tony came over, and we tested new loops for a hybrid acoustic-electronic track. Recorded multiple vocal layers for experimentation."
2023-02-23,"Safety Audit Notes","HR visited the office to ensure compliance with fire drill procedures, emergency exits, and first-aid protocols."
2023-02-24,"Midday Coffee Break Reflection","Took a short pause to decompress. Chatted with colleagues about weekend activities. Sometimes stepping away from spreadsheets is crucial."
2023-02-25,"Tina’s Ballet Recital Day","Tina danced beautifully at the community theater. Proud moment for the entire family. Took plenty of photos and videos to share."
2023-02-26,"Project Timeline Overview","Sketched out major milestones for March. Foundation should be done by mid-month, then we can focus on guardrails and landscaping."
2023-02-27,"Mentoring Junior Eng","Continued the deep dive on code compliance. She’s picking things up quickly, which helps lighten the team’s workload."
2023-02-28,"Mike’s Soccer Game Reminder","Had to leave work early to catch the second half. Glad I did—Mike’s team won 3-1. Grabbed pizza afterward to celebrate."
2023-03-01,"Fitness Tracking Update","Still averaging around 10,000 steps a day. My next goal: incorporate interval sprinting to boost speed."
2023-03-02,"Monthly Report Draft","Compiled data on budget spend, labor hours, and timeline progress for the monthly review. Need feedback from manager tomorrow."
2023-03-03,"Tina’s Art Expo","Found out Tina’s school is hosting an art expo, and she’s participating with a watercolor painting. Must attend next week!"
2023-03-04,"Site Inspection Day","Overseeing a major concrete pour. Weather is cooperating so far. Documented each step to ensure we meet city safety standards."
2023-03-05,"Producer Collaboration Offer","Tony mentioned a local producer is interested in our demos. We might need a polished track soon. Time to finalize those recordings."
2023-03-06,"City Rep Meeting Recap","City rep liked our drainage improvements. Only minor notes about signage placement. Overall, a positive outcome!"
2023-03-07,"Kids’ Homework Marathon","Mike has a history project, and Tina has math worksheets. Balanced helping them while juggling a quick email to the contractor."
2023-03-08,"Weekend Hike Plans","Thinking about a family hike to the state park. Fresh air and exercise could help us recharge before the next project milestone."
2023-03-09,"All-Hands Progress Presentation","Presented slides to the entire Acme team. Showcased a 20% cost saving from supplier negotiations—a highlight for upper management."
2023-03-10,"Music Producer Follow-Up","Tony scheduled a session this Saturday. We’ll record a clean demo to send to that producer. Hoping for constructive feedback."
2023-03-11,"Mike’s Soccer Scrimmage","Another weekend match. Mike’s footwork drills paid off—he assisted a winning goal. I’m proud of his growth as a teammate."
2023-03-12,"Family Board Game Time","Played a new cooperative game with the kids. They loved solving puzzles together. Laughter all around—great Sunday moment."
2023-03-13,"Early Gym Session","Challenged myself with heavier weights. Feeling the burn, but it’s worth it. My stamina at work seems better after consistent exercise."
2023-03-14,"Progress Report Review","Met with manager to finalize the monthly report. We’ll highlight success stories and address a small budget overrun."
2023-03-15,"Safety Compliance Call","City safety official requested updated logs on daily checks. We’re on track, but I’ll compile them into a single PDF for clarity."
2023-03-16,"Open Mic Night Recap","Played two acoustic numbers with Tony at Town Music Bar. The audience was receptive—someone asked if we have an album out!"
2023-03-17,"Team Lunch Celebration","Celebrated passing a crucial inspection milestone. Everyone is more motivated to push the project to completion."
2023-03-18,"Weekend Site Oversight","Double-checked the rebar ties. A small batch was defective. Phil will reorder replacements on Monday to avoid delays."
2023-03-19,"Tina’s Art Project","Helped Tina assemble a collage for her school assignment. She used bright colors to represent the family’s busy routine."
2023-03-20,"Quarterly Budget Meeting","Presented revised cost allocations to the board. They approved an extra contingency fund in case steel prices spike."
2023-03-21,"Late Studio Recording","Added final guitar flourishes to our new track. Tony and I will mix them tomorrow. Could be the best song we’ve done so far."
2023-03-22,"Engineering Sync Notes","Ensured blueprint updates reflect the city’s extended sidewalk requirement. Team is confident we can deliver by month’s end."
2023-03-23,"Junior Engineer Workshop","Hosted a training session on CAD layering and blueprint annotation. Good turnout—team is eager to learn more advanced tools."
2023-03-24,"Morning Run PB","Set a personal best for my 5K route. All this consistent training is paying off—I shaved 30 seconds off my previous time."
2023-03-25,"Open Mic Rehearsal","Practiced our set list for tonight’s open mic. Incorporated a short improvised bridge in the second song. Feeling excited!"
2023-03-26,"Site Prep Sunday","Wanted to get a head start on Monday’s tasks. Marked hazard zones with cones to keep them visible after last night’s windstorm."
2023-03-27,"New Intern Start","Mentored the new intern for an hour. Showed them how we organize daily logs and blueprint revisions. They seem enthusiastic."
2023-03-28,"Overpass Lighting Plan","Meeting with an electrical contractor to confirm lighting fixtures. City wants energy-efficient LED solutions for nighttime safety."
2023-03-29,"Music Brainstorm","Tony and I considered writing a short instrumental track featuring a bluesy guitar lead. Might be good as a bonus track on an EP."
2023-03-30,"Spring Break Possibility","Mary suggested taking Mike and Tina on a mini road trip during their school break. Need to see if I can spare some PTO days."
2023-03-31,"Project Progress Snapshot","We’re about 80% done with core construction. A few weather-related delays occurred, but the new timeline still seems feasible."
2023-04-01,"Engineering Stand-Up","Confirmed tasks for April. We aim to wrap the foundation completely, then install guard rails and finalize landscaping."
2023-04-02,"Family Grocery Run","Kids helped pick out fruits, veggies, and snacks. Mike insisted on more protein bars, and Tina needed some art supplies again."
2023-04-03,"City Rep Walkthrough","Showed them the newly placed guard rails and reinforced sidewalks. They liked the LED lighting concept we proposed."
2023-04-04,"Early Coffee Meeting","Talked with Tom about next steps: finishing the ramp rebar and verifying drainage angles. Also discussed weekend hike spots."
2023-04-05,"Board Meeting Recap","Board liked our cost-saving measures. Still want a final forecast on finishing dates for landscaping tasks."
2023-04-06,"Family Dinner Night","Hosted Mary’s parents and shared updates about the project and my music jam sessions. Everyone’s excited to hear the new track soon."
2023-04-07,"Team Huddle Topics","Focus on guard rail installation and final drainage checks. The engineering crew feels confident about meeting the city’s specs."
2023-04-08,"Weekend Park Cleanup","Volunteered as a family, picking up litter. Kids got a lesson in civic responsibility, and we enjoyed a sunny morning together."
2023-04-09,"Music Recording Follow-Up","Listened to last night’s recordings. Considering small tweaks to the vocal levels. Tony might add an extra harmony line."
2023-04-10,"Progress & Mentoring Review","Checked in with the junior engineer about blueprint alignment. Also updated the manager on next steps for final inspections."
